id,email,name,role,createdAt
"cmf2bzr0e00007m2811i21xgy","admin@whateverfit.com","Admin User","ADMIN","Tue Sep 02 2025 17:13:41 GMT+0800 (Singapore Standard Time)"
"cmf2bzstr00017m28s4c4j18w","trainer@whateverfit.com","John Trainer","TRAINER","Tue Sep 02 2025 17:13:43 GMT+0800 (Singapore Standard Time)"
"cmf2bzun600027m28fdd3yshm","mike.trainer@whateverfit.com","Mike Johnson","TRAINER","Tue Sep 02 2025 17:13:45 GMT+0800 (Singapore Standard Time)"
"cmf2bzwgh00037m28yd4pbd86","lisa.trainer@whateverfit.com","Lisa Chen","TRAINER","Tue Sep 02 2025 17:13:48 GMT+0800 (Singapore Standard Time)"
"cmf2bzy9o00047m28lm4xo5q6","client@whateverfit.com","Sarah Client","CLIENT","Tue Sep 02 2025 17:13:50 GMT+0800 (Singapore Standard Time)"
"cmf2c002v00057m28p7jxr5bz","james.client@whateverfit.com","James Wilson","CLIENT","Tue Sep 02 2025 17:13:52 GMT+0800 (Singapore Standard Time)"
"cmf2c022f00067m28q2l7afdt","emma.client@whateverfit.com","Emma Rodriguez","CLIENT","Tue Sep 02 2025 17:13:55 GMT+0800 (Singapore Standard Time)"
"cmf2c03vm00077m28upvyx5f8","david.client@whateverfit.com","David Kim","CLIENT","Tue Sep 02 2025 17:13:57 GMT+0800 (Singapore Standard Time)"
"cmf2c05os00087m28lferkiga","sophia.client@whateverfit.com","Sophia Thompson","CLIENT","Tue Sep 02 2025 17:14:00 GMT+0800 (Singapore Standard Time)"